"Rank","Domain","Open Page Rank","Order"
"152175","ynlc.ca","5.03",600
"107469","nesdev.com","5.09",601
"759689","ggsalaska.org","4.87",602
"567634","universitychurch.ox.ac.uk","4.89",603
"29499","ntdtv.com","5.39",604
"654872","lahistoryarchive.org","4.88",605
"970947","mappiamo.org","4.77",606
"136758","acc.af.mil","5.05",607
"313693","wordpress.dwbooster.com","4.94",608
"751545","mybiz.optus.com.au","4.87",609
"130391","walkmymind.com","5.06",610
"878863","kb.cf7skins.com","4.83",611
"155057","fuldamobil.de","5.03",612
"93828","metla.fi","5.12",613
"514583","azermarka.az","4.90",614
"900451","botify.com","4.81",615
"244254","mt.ro","4.97",616
"599950","chennai.consulate.gov.au","4.88",617
"561354","typingadventure.com","4.89",618
"909837","joesatrianiuniverse.com","4.80",619
"295004","acon.org.au","4.95",620
"958192","heat.csc.uvic.ca","4.77",621
"583770","mpeoplemusic.com","4.88",622
"621023","quarter.arts-museum.ru","4.88",623
"719985","otes.asu.edu","4.87",624
"667432","mailboxnearme.net","4.88",625
"561204","mi-maplesyrup.com","4.89",626
"371725","sdev-apps.com","4.94",627
"534465","fireworksensemble.org","4.89",628
"960492","king.myapp.com","4.77",629
"411493","trevorrabin.net","4.92",630
"455524","grow-it-organically.com","4.91",631
"231269","mako.id","4.98",632
"668692","masoftware.org","4.88",633
"827609","davidgolding.com","4.87",634
"893952","pathwaymapper.org","4.81",635
"118910","oostende.be","5.07",636
"739115","jp2.org","4.87",637
"113444","econt.com","5.08",638
"983535","juptr.io","4.77",639
"851165","hightownsch.net","4.87",640
"348621","laplacem.vtcgame.vn","4.94",641
"40183","wmar2news.com","5.30",642
"971898","nistara.net","4.77",643
"809899","theenemygod.com","4.87",644
"179582","bookup.com","5.00",645
"929827","jobs.gsk.com","4.78",646
"167484","npmoc.navy.mil","5.02",647
"109405","inuidea.com","5.09",648
"325538","hkt-starhomecall.com","4.94",649
"457743","benbridge.com","4.91",650
"967491","mateuszcholewka.com","4.77",651
"565061","postcodebyaddress.co.uk","4.89",652
"666413","theyellowsparrow.com","4.88",653
"708683","themumblesbook.co.uk","4.87",654
"875024","cpx.sagepub.com","4.83",655
"17141","pk.linkedin.com","5.58",656
"874699","avpgalaxy.net","4.83",657
"875351","isw3.naist.jp","4.83",658
"601912","ycwa.com","4.88",659
"328651","chinaseact.com","4.94",660
"741289","madan.bg","4.87",661
"878972","huobi.com.ru","4.83",662
"418813","fondation-antoine-de-saint-exupery.org","4.92",663
"780844","aspen82.com","4.87",664
"683295","turnerphotographics.com","4.88",665
"321618","sky-pilot.net","4.94",666
"253521","henan.china.com.cn","4.97",667
"961640","marom.hu","4.77",668
"243542","start.ca","4.97",669
"21164","wiki.laptop.org","5.49",670
"822189","grainger.tngenealogy.net","4.87",671
"298155","maseratirepairshops.com","4.95",672
"646934","monachuslex.com","4.88",673
"460440","solvay.edu","4.91",674
"360276","platon.gendagigo.jp","4.94",675
"259762","voipsipsdk.com","4.96",676
"617693","greengathering.org.uk","4.88",677
"611491","smartgrid.epri.com","4.88",678
"64813","uwf.edu","5.20",679
"462496","buzn1029.cbslocal.com","4.91",680
"580987","panamleathers.com","4.88",681
"668929","p-ramlee.com","4.88",682
"428966","archive.ilmb.gov.bc.ca","4.92",683
"205787","math.sjsu.edu","4.99",684
"458795","vernalcity.org","4.91",685
"75962","phxart.org","5.16",686
"959777","telemeta.org","4.77",687
"747603","greatriverconference.org","4.87",688
"354904","dozsurvival.com","4.94",689
"591915","hc.unicamp.br","4.88",690
"186655","wpbusinessreviews.com","5.00",691
"252084","shoppurecam.com","4.97",692
"355690","vatrin.com","4.94",693
"656234","jenniferperryman.com","4.88",694
"604205","grenoble-isere-tourisme.com","4.88",695
"686991","concertsinbudapest.com","4.88",696
"938980","rgsilva.com","4.78",697
"318908","conductortech.com","4.94",698
"707239","pastottawa.com","4.87",699
"621626","static.nai.nl","4.88",700
"523747","winnmediaskn.com","4.89",701
"243305","bobspixels.com","4.97",702
"537367","hikoma.lb.nagasaki-u.ac.jp","4.89",703
"923037","25hours-hotels.com","4.79",704
"183869","somalilandsun.com","5.00",705
"618389","velocitynation.com","4.88",706
"258590","napak.com","4.96",707
"538899","kellsirish.com","4.89",708
"959738","compositionalit.github.io","4.77",709
"292756","zuluwaterways.com","4.95",710
"993938","dieteticadigital.net","4.77",711
"265131","navajo.org","4.96",712
"549168","perumaal.googlepages.com","4.89",713
"333320","9voltinteractive.com","4.94",714
"461511","bceagles.cstv.com","4.91",715
"228319","eltaxi.app","4.98",716
"363462","dealer.olxautos.com.co","4.94",717
"239118","flseagrant.org","4.98",718
"565467","engineering.klarna.com","4.89",719
"973981","tinythread.sourceforge.net","4.77",720
"504944","postakodu.ptt.gov.tr","4.90",721
"195077","disfrutatokio.com","4.99",722
"230604","id.rsqtechnologies.com","4.98",723
"224836","curvyyoga.com","4.98",724
"895797","rikumo.com","4.81",725
"402339","bard.ru","4.93",726
"394735","group.canarywharf.com","4.93",727
"474350","en.eghtesadonline.com","4.90",728
"301091","ruhabenjamin.com","4.95",729
"488315","community.remotestorage.io","4.90",730
"580344","numero.com.cn","4.88",731
"242316","dcresource.com","4.97",732
"248893","iask.ca","4.97",733
"607985","andrewforoklahoma.com","4.88",734
"50581","im.qq.com","5.25",735
"819422","naprice.com","4.87",736
"765445","thecompletecodes.com","4.87",737
"174507","ruffordsmallgrants.org","5.01",738
"11712","ve.wordpress.org","5.82",739
"782038","kevinschwantz.com","4.87",740
"531989","historykon.pl","4.89",741
"736078","kitchener.foundlocally.com","4.87",742
"103374","img.buzzfeed.com","5.10",743
"775708","deepgenes.com","4.87",744
"527407","ascox.xyz","4.89",745
"175357","newsounds.org","5.01",746
"216736","panel3.qrtag.mobi","4.98",747
"366390","ducugames.com","4.94",748
"606879","ampl.mech.northwestern.edu","4.88",749
"350875","itsconstruction.co.uk","4.94",750
"996228","bryanplummer.com","4.77",751
"743306","newtownline.pa-tec.org","4.87",752
"999472","graceelizabeths.com","4.77",753
"947295","selectedfirms.co","4.78",754
"14867","winnipegfreepress.com","5.65",755
"994119","libblkio.gitlab.io","4.77",756
"285704","kreditech.com","4.95",757
"289842","d4donline.com","4.95",758
"152274","periodika.digitale-sammlungen.de","5.03",759
"923483","openhome.alipay.com","4.79",760
"793776","interboro.com","4.87",761
"342448","2021portugal.eu","4.94",762
"932632","blog.baeke.info","4.78",763
"804701","londonwaldorf.ca","4.87",764
"495263","abpla.org","4.90",765
"343429","sumichem.co.in","4.94",766
"567846","bramptonmasons.com","4.89",767
"449561","ichriss.ccarh.org","4.91",768
"194471","corsetiere.net","4.99",769
"406101","theplanets.org","4.92",770
"302254","blog.smile.io","4.95",771
"655958","hudsonvalleyjazzfest.org","4.88",772
"521154","mechonhadar.org","4.90",773
"753674","carrylaws.net","4.87",774
"675998","westconf.net","4.88",775
"111186","motorola-blog.blogspot.com","5.08",776
"727735","aacai.com.au","4.87",777
"90073","tomtunguz.com","5.13",778
"790713","xyz-spolkacywilna.pl","4.87",779
"42664","dou.ua","5.29",780
"60257","flashmob.dileque.si","5.22",781
"136623","verifone.com","5.05",782
"379912","moonplay.online","4.94",783
"450099","publicadomain.ru","4.91",784
"154682","jeccomposites.com","5.03",785
"227648","ptxtherapy.com","4.98",786
"481069","usmcoc.org","4.90",787
"603815","esperdy.net","4.88",788
"149948","thebrickfan.com","5.03",789
"351542","app.data4life.care","4.94",790
"367187","fruitglory.com","4.94",791
"688563","bmp.ucla.edu","4.88",792
"449635","paoloconte.it","4.91",793
"382802","foxsportswest.com","4.94",794
"517673","bizhankook.com","4.90",795
"463733","inas-fid.org","4.91",796
"93061","blog.filmsupply.com","5.12",797
"51291","sistrix.com","5.25",798
"439907","dcmoto.free.fr","4.91",799
"888095","plumi.org","4.82",800
"646758","pixarcanada.com","4.88",801
"523606","diskpart.com","4.89",802
"370163","visionaryworkspaces.spaces.nexudus.com","4.94",803
"536390","ustour.thephantomoftheopera.com","4.89",804
"694265","dogodilose.com","4.87",805
"639121","gspa.nida.ac.th","4.88",806
"836912","allmedia.news","4.87",807
"395053","screenrobot.com","4.93",808
"709664","trevithicktrail.co.uk","4.87",809
"170142","techzone360.com","5.01",810
"323651","conservative-news.org","4.94",811
"274934","kwtv.com","4.96",812
"99716","cs.kuleuven.be","5.10",813
"889791","nicolas-hoizey.com","4.82",814
"679851","pl7.ir","4.88",815
"50774","ine.gub.uy","5.25",816
"890260","moore-sc-edu.zoom.us","4.82",817
"317161","ibme.uzh.ch","4.94",818
"846158","jessica-japan.com","4.87",819
"760385","vadstenadirect.se","4.87",820
"35108","teamwork.com","5.34",821
"983800","yeshinvoice.co.il","4.77",822
"147216","rickymartinmusic.com","5.04",823
"700073","hmongculture.net","4.87",824
"277301","ikts.fhg.de","4.95",825
"518729","queenminetour.com","4.90",826
"257036","fddb.org","4.96",827
"758043","vico.wikispaces.com","4.87",828
"729131","ejcotopeni2022.microplustimingservices.com","4.87",829
"883467","misms.net","4.82",830
"862454","ververica.com","4.86",831
"153145","thelibrary.springfield.missouri.org","5.03",832
"13774","journalism.org","5.70",833
"348244","pigfarmer.gr","4.94",834
"332398","getdetox.me","4.94",835
"753425","cs-www.ncsl.nist.gov","4.87",836
"257054","isc.ca","4.96",837
"212111","ascobans.org","4.98",838
"520560","paclas.org.ph","4.90",839
"568542","elidanang.edu.vn","4.89",840
"231713","jufjannieapps.nl","4.98",841
"297708","theirishroadtrip.com","4.95",842
"383254","studio.apollographql.com","4.93",843
"468578","www2.uakron.edu","4.91",844
"205923","mhikes.com","4.99",845
"635629","ucla.academicworks.com","4.88",846
"831822","orleansforever.com","4.87",847
"38252","billoreilly.com","5.32",848
"464699","u.openx.net","4.91",849
"219511","connect.cocone.co.jp","4.98",850
"376951","embeddedlt.github.io","4.94",851
"129940","intouch.org","5.06",852
"645322","grotekerkdenhaag.nl","4.88",853
"324801","zebrabook.bg","4.94",854
"193524","royensoc.co.uk","4.99",855
"823177","niguelshores.org","4.87",856
"660888","premierpoms.com","4.88",857
"460479","welcometosierraleone.org","4.91",858
"517921","bingu.net","4.90",859
"732092","truro.anglican.org","4.87",860
"699164","israpost.com","4.87",861
"320723","torr-penn.bzh","4.94",862
"982646","polystack.org","4.77",863
"418104","pibphoto.nic.in","4.92",864
"157331","szekelyhon.ro","5.03",865
"300836","leegalles.com","4.95",866
"18747","farm1.staticflickr.com","5.54",867
"525685","ericksontribune.com","4.89",868
"159294","uaenews247.com","5.02",869
"792312","entertainmentreview.donkrax.com","4.87",870
"789841","rvrcc.com","4.87",871
"958096","ouroboros.audio","4.77",872
"431746","bphn.go.id","4.92",873
"952089","moumne.com","4.77",874
"433815","rio.upo.es","4.91",875
"682040","usaindoor.runnerspace.com","4.88",876
"307417","giftcard.cl","4.94",877
"296974","caracolu.com","4.95",878
"235388","gauss.suub.uni-bremen.de","4.98",879
"619864","fh.huji.ac.il","4.88",880
"422361","inmos.com","4.92",881
"868039","electron.org.uk","4.85",882
"102059","growveg.com","5.10",883
"814455","safeplace.net","4.87",884
"338739","ftp.hrsa.gov","4.94",885
"816798","pv.beaucamera.com","4.87",886
"470429","redcross.se","4.91",887
"690744","murga-projects.com","4.87",888
"780894","thesaffrongael.com","4.87",889
"878427","fortadpays.com","4.83",890
"32849","maddiesfund.org","5.36",891
"392562","jssj.org","4.93",892
"753752","munsterland.net","4.87",893
"312827","ba.stat.cmu.edu","4.94",894
"619591","fortbendchristian.org","4.88",895
"933855","formahouse.co.uk","4.78",896
"545939","elteatrocampesino.com","4.89",897
"210862","games.ironequal.com","4.98",898
"423063","ertopen.com","4.92",899